bash	acronym	HELP.md
bash	acronym	README.md
bash	acronym	acronym.bats
bash	acronym	acronym.sh
bash	acronym	bats-extra.bash
bash	allergies	HELP.md
bash	allergies	README.md
bash	allergies	allergies.bats
bash	allergies	allergies.sh
bash	allergies	bats-extra.bash
bash	hello-world	HELP.md
bash	hello-world	README.md
bash	hello-world	bats-extra.bash
bash	hello-world	hello_world.bats
bash	hello-world	hello_world.sh
bash	leap	HELP.md
bash	leap	README.md
bash	leap	bats-extra.bash
bash	leap	leap.bats
bash	leap	leap.sh
bash	protein-translation	HELP.md
bash	protein-translation	README.md
bash	protein-translation	bats-extra.bash
bash	protein-translation	protein_translation.bats
bash	protein-translation	protein_translation.sh
bash	raindrops	HELP.md
bash	raindrops	README.md
bash	raindrops	bats-extra.bash
bash	raindrops	raindrops.bats
bash	raindrops	raindrops.sh
bash	reverse-string	HELP.md
bash	reverse-string	README.md
bash	reverse-string	bats-extra.bash
bash	reverse-string	reverse_string.bats
bash	reverse-string	reverse_string.sh
bash	roman-numerals	HELP.md
bash	roman-numerals	README.md
bash	roman-numerals	bats-extra.bash
bash	roman-numerals	roman_numerals.bats
bash	roman-numerals	roman_numerals.sh
bash	scrabble-score	HELP.md
bash	scrabble-score	README.md
bash	scrabble-score	bats-extra.bash
bash	scrabble-score	scrabble_score.bats
bash	scrabble-score	scrabble_score.sh
bash	affine-cipher	HELP.md
bash	affine-cipher	README.md
bash	affine-cipher	affine_cipher.bats
bash	affine-cipher	affine_cipher.sh
bash	affine-cipher	bats-extra.bash
bash	all-your-base	HELP.md
bash	all-your-base	README.md
bash	all-your-base	all_your_base.bats
bash	all-your-base	all_your_base.sh
bash	all-your-base	bats-extra.bash
bash	anagram	HELP.md
bash	anagram	README.md
bash	anagram	anagram.bats
bash	anagram	anagram.sh
bash	anagram	bats-extra.bash
bash	armstrong-numbers	HELP.md
bash	armstrong-numbers	README.md
bash	armstrong-numbers	armstrong_numbers.bats
bash	armstrong-numbers	armstrong_numbers.sh
bash	armstrong-numbers	bats-extra.bash
bash	atbash-cipher	HELP.md
bash	atbash-cipher	README.md
bash	atbash-cipher	atbash_cipher.bats
bash	atbash-cipher	atbash_cipher.sh
bash	atbash-cipher	bats-extra.bash
bash	beer-song	HELP.md
bash	beer-song	README.md
bash	beer-song	bats-extra.bash
bash	beer-song	beer_song.bats
bash	beer-song	beer_song.sh
bash	binary-search	HELP.md
bash	binary-search	README.md
bash	binary-search	bats-extra.bash
bash	binary-search	binary_search.bats
bash	binary-search	binary_search.sh
bash	bob	HELP.md
bash	bob	README.md
bash	bob	bats-extra.bash
bash	bob	bob.bats
bash	bob	bob.sh
bash	bowling	HELP.md
bash	bowling	README.md
bash	bowling	bats-extra.bash
bash	bowling	bowling.bats
bash	bowling	bowling.sh
bash	change	HELP.md
bash	change	README.md
bash	change	bats-extra.bash
bash	change	change.bats
bash	change	change.sh
bash	clock	HELP.md
bash	clock	README.md
bash	clock	bats-extra.bash
bash	clock	clock.bats
bash	clock	clock.sh
bash	collatz-conjecture	HELP.md
bash	collatz-conjecture	README.md
bash	collatz-conjecture	bats-extra.bash
bash	collatz-conjecture	collatz_conjecture.bats
bash	collatz-conjecture	collatz_conjecture.sh
bash	crypto-square	HELP.md
bash	crypto-square	README.md
bash	crypto-square	bats-extra.bash
bash	crypto-square	crypto_square.bats
bash	crypto-square	crypto_square.sh
bash	darts	HELP.md
bash	darts	README.md
bash	darts	bats-extra.bash
bash	darts	darts.bats
bash	darts	darts.sh
bash	diamond	HELP.md
bash	diamond	README.md
bash	diamond	bats-extra.bash
bash	diamond	diamond.bats
bash	diamond	diamond.sh
bash	difference-of-squares	HELP.md
bash	difference-of-squares	README.md
bash	difference-of-squares	bats-extra.bash
bash	difference-of-squares	difference_of_squares.bats
bash	difference-of-squares	difference_of_squares.sh
bash	diffie-hellman	HELP.md
bash	diffie-hellman	README.md
bash	diffie-hellman	bats-extra.bash
bash	diffie-hellman	diffie_hellman.bats
bash	diffie-hellman	diffie_hellman.sh
bash	dnd-character	HELP.md
bash	dnd-character	README.md
bash	dnd-character	bats-extra.bash
bash	dnd-character	dnd_character.bats
bash	dnd-character	dnd_character.sh
bash	eliuds-eggs	HELP.md
bash	eliuds-eggs	README.md
bash	eliuds-eggs	bats-extra.bash
bash	eliuds-eggs	pop_count.bats
bash	eliuds-eggs	pop_count.sh
bash	error-handling	HELP.md
bash	error-handling	README.md
bash	error-handling	bats-extra.bash
bash	error-handling	error_handling.bats
bash	error-handling	error_handling.sh
bash	food-chain	HELP.md
bash	food-chain	README.md
bash	food-chain	bats-extra.bash
bash	food-chain	food_chain.bats
bash	food-chain	food_chain.sh
bash	forth	HELP.md
bash	forth	README.md
bash	forth	bats-extra.bash
bash	forth	forth.bats
bash	forth	forth.sh
bash	gigasecond	HELP.md
bash	gigasecond	README.md
bash	gigasecond	bats-extra.bash
bash	gigasecond	gigasecond.bats
bash	gigasecond	gigasecond.sh
bash	grains	HELP.md
bash	grains	README.md
bash	grains	bats-extra.bash
bash	grains	grains.bats
bash	grains	grains.sh
bash	grep	HELP.md
bash	grep	README.md
bash	grep	bats-extra.bash
bash	grep	grep.bats
bash	grep	grep.sh
bash	hamming	HELP.md
bash	hamming	README.md
bash	hamming	bats-extra.bash
bash	hamming	hamming.bats
bash	hamming	hamming.sh
bash	house	HELP.md
bash	house	README.md
bash	house	bats-extra.bash
bash	house	house.bats
bash	house	house.sh
bash	isbn-verifier	HELP.md
bash	isbn-verifier	README.md
bash	isbn-verifier	bats-extra.bash
bash	isbn-verifier	isbn_verifier.bats
bash	isbn-verifier	isbn_verifier.sh
bash	isogram	HELP.md
bash	isogram	README.md
bash	isogram	bats-extra.bash
bash	isogram	isogram.bats
bash	isogram	isogram.sh
bash	kindergarten-garden	HELP.md
bash	kindergarten-garden	README.md
bash	kindergarten-garden	bats-extra.bash
bash	kindergarten-garden	kindergarten_garden.bats
bash	kindergarten-garden	kindergarten_garden.sh
bash	knapsack	HELP.md
bash	knapsack	README.md
bash	knapsack	bats-extra.bash
bash	knapsack	knapsack.bats
bash	knapsack	knapsack.sh
bash	largest-series-product	HELP.md
bash	largest-series-product	README.md
bash	largest-series-product	bats-extra.bash
bash	largest-series-product	largest_series_product.bats
bash	largest-series-product	largest_series_product.sh
bash	list-ops	HELP.md
bash	list-ops	README.md
bash	list-ops	bats-extra.bash
bash	list-ops	list_ops.bats
bash	list-ops	list_ops.sh
bash	luhn	HELP.md
bash	luhn	README.md
bash	luhn	bats-extra.bash
bash	luhn	luhn.bats
bash	luhn	luhn.sh
bash	markdown	HELP.md
bash	markdown	README.md
bash	markdown	bats-extra.bash
bash	markdown	markdown.bats
bash	markdown	markdown.sh
bash	matching-brackets	HELP.md
bash	matching-brackets	README.md
bash	matching-brackets	bats-extra.bash
bash	matching-brackets	matching_brackets.bats
bash	matching-brackets	matching_brackets.sh
bash	meetup	HELP.md
bash	meetup	README.md
bash	meetup	bats-extra.bash
bash	meetup	meetup.bats
bash	meetup	meetup.sh
bash	nth-prime	HELP.md
bash	nth-prime	README.md
bash	nth-prime	bats-extra.bash
bash	nth-prime	nth_prime.bats
bash	nth-prime	nth_prime.sh
bash	nucleotide-count	HELP.md
bash	nucleotide-count	README.md
bash	nucleotide-count	bats-extra.bash
bash	nucleotide-count	nucleotide_count.bats
bash	nucleotide-count	nucleotide_count.sh
bash	ocr-numbers	HELP.md
bash	ocr-numbers	README.md
bash	ocr-numbers	bats-extra.bash
bash	ocr-numbers	ocr_numbers.bats
bash	ocr-numbers	ocr_numbers.sh
bash	OK	leap
bash	OK	raindrops
bash	OK	reverse-string
bash	palindrome-products	HELP.md
bash	palindrome-products	README.md
bash	palindrome-products	bats-extra.bash
bash	palindrome-products	palindrome_products.bats
bash	palindrome-products	palindrome_products.sh
bash	pangram	HELP.md
bash	pangram	README.md
bash	pangram	bats-extra.bash
bash	pangram	pangram.bats
bash	pangram	pangram.sh
bash	pascals-triangle	HELP.md
bash	pascals-triangle	README.md
bash	pascals-triangle	bats-extra.bash
bash	pascals-triangle	pascals_triangle.bats
bash	pascals-triangle	pascals_triangle.sh
bash	perfect-numbers	HELP.md
bash	perfect-numbers	README.md
bash	perfect-numbers	bats-extra.bash
bash	perfect-numbers	perfect_numbers.bats
bash	perfect-numbers	perfect_numbers.sh
bash	phone-number	HELP.md
bash	phone-number	README.md
bash	phone-number	bats-extra.bash
bash	phone-number	phone_number.bats
bash	phone-number	phone_number.sh
bash	pig-latin	HELP.md
bash	pig-latin	README.md
bash	pig-latin	bats-extra.bash
bash	pig-latin	pig_latin.bats
bash	pig-latin	pig_latin.sh
bash	poker	HELP.md
bash	poker	README.md
bash	poker	bats-extra.bash
bash	poker	poker.bats
bash	poker	poker.sh
bash	pop-count	HELP.md
bash	pop-count	README.md
bash	pop-count	bats-extra.bash
bash	pop-count	pop_count.bats
bash	pop-count	pop_count.sh
bash	prime-factors	HELP.md
bash	prime-factors	README.md
bash	prime-factors	bats-extra.bash
bash	prime-factors	prime_factors.bats
bash	prime-factors	prime_factors.sh
bash	proverb	HELP.md
bash	proverb	README.md
bash	proverb	bats-extra.bash
bash	proverb	proverb.bats
bash	proverb	proverb.sh
bash	pythagorean-triplet	HELP.md
bash	pythagorean-triplet	README.md
bash	pythagorean-triplet	bats-extra.bash
bash	pythagorean-triplet	pythagorean_triplet.bats
bash	pythagorean-triplet	pythagorean_triplet.sh
bash	queen-attack	HELP.md
bash	queen-attack	README.md
bash	queen-attack	bats-extra.bash
bash	queen-attack	queen_attack.bats
bash	queen-attack	queen_attack.sh
bash	rail-fence-cipher	HELP.md
bash	rail-fence-cipher	README.md
bash	rail-fence-cipher	bats-extra.bash
bash	rail-fence-cipher	rail_fence_cipher.bats
bash	rail-fence-cipher	rail_fence_cipher.sh
bash	rational-numbers	HELP.md
bash	rational-numbers	README.md
bash	rational-numbers	bats-extra.bash
bash	rational-numbers	rational_numbers.bats
bash	rational-numbers	rational_numbers.sh
bash	rectangles	HELP.md
bash	rectangles	README.md
bash	rectangles	bats-extra.bash
bash	rectangles	rectangles.bats
bash	rectangles	rectangles.sh
bash	resistor-color-duo	HELP.md
bash	resistor-color-duo	README.md
bash	resistor-color-duo	bats-extra.bash
bash	resistor-color-duo	resistor_color_duo.bats
bash	resistor-color-duo	resistor_color_duo.sh
bash	resistor-color-trio	HELP.md
bash	resistor-color-trio	README.md
bash	resistor-color-trio	bats-extra.bash
bash	resistor-color-trio	resistor_color_trio.bats
bash	resistor-color-trio	resistor_color_trio.sh
bash	rna-transcription	HELP.md
bash	rna-transcription	README.md
bash	rna-transcription	bats-extra.bash
bash	rna-transcription	rna_transcription.bats
bash	rna-transcription	rna_transcription.sh
bash	robot-simulator	HELP.md
bash	robot-simulator	README.md
bash	robot-simulator	bats-extra.bash
bash	robot-simulator	robot_simulator.bats
bash	robot-simulator	robot_simulator.sh
bash	rotational-cipher	HELP.md
bash	rotational-cipher	README.md
bash	rotational-cipher	bats-extra.bash
bash	rotational-cipher	rotational_cipher.bats
bash	rotational-cipher	rotational_cipher.sh
bash	run-length-encoding	HELP.md
bash	run-length-encoding	README.md
bash	run-length-encoding	bats-extra.bash
bash	run-length-encoding	run_length_encoding.bats
bash	run-length-encoding	run_length_encoding.sh
bash	satellite	HELP.md
bash	satellite	README.md
bash	satellite	bats-extra.bash
bash	satellite	satellite.bats
bash	satellite	satellite.sh
bash	say	HELP.md
bash	say	README.md
bash	say	bats-extra.bash
bash	say	say.bats
bash	say	say.sh
bash	secret-handshake	HELP.md
bash	secret-handshake	README.md
bash	secret-handshake	bats-extra.bash
bash	secret-handshake	secret_handshake.bats
bash	secret-handshake	secret_handshake.sh
bash	series	HELP.md
bash	series	README.md
bash	series	bats-extra.bash
bash	series	series.bats
bash	series	series.sh
bash	sieve	HELP.md
bash	sieve	README.md
bash	sieve	bats-extra.bash
bash	sieve	sieve.bats
bash	sieve	sieve.sh
bash	simple-cipher	HELP.md
bash	simple-cipher	README.md
bash	simple-cipher	bats-extra.bash
bash	simple-cipher	simple_cipher.bats
bash	simple-cipher	simple_cipher.sh
bash	space-age	HELP.md
bash	space-age	README.md
bash	space-age	bats-extra.bash
bash	space-age	space_age.bats
bash	space-age	space_age.sh
bash	spiral-matrix	HELP.md
bash	spiral-matrix	README.md
bash	spiral-matrix	bats-extra.bash
bash	spiral-matrix	spiral_matrix.bats
bash	spiral-matrix	spiral_matrix.sh
bash	square-root	HELP.md
bash	square-root	README.md
bash	square-root	bats-extra.bash
bash	square-root	square_root.bats
bash	square-root	square_root.sh
bash	sublist	HELP.md
bash	sublist	README.md
bash	sublist	bats-extra.bash
bash	sublist	sublist.bats
bash	sublist	sublist.sh
bash	sum-of-multiples	HELP.md
bash	sum-of-multiples	README.md
bash	sum-of-multiples	bats-extra.bash
bash	sum-of-multiples	sum_of_multiples.bats
bash	sum-of-multiples	sum_of_multiples.sh
bash	tournament	HELP.md
bash	tournament	README.md
bash	tournament	bats-extra.bash
bash	tournament	tournament.bats
bash	tournament	tournament.sh
bash	transpose	HELP.md
bash	transpose	README.md
bash	transpose	bats-extra.bash
bash	transpose	transpose.bats
bash	transpose	transpose.sh
bash	triangle	HELP.md
bash	triangle	README.md
bash	triangle	bats-extra.bash
bash	triangle	triangle.bats
bash	triangle	triangle.sh
bash	twelve-days	HELP.md
bash	twelve-days	README.md
bash	twelve-days	bats-extra.bash
bash	twelve-days	twelve_days.bats
bash	twelve-days	twelve_days.sh
bash	two-bucket	HELP.md
bash	two-bucket	README.md
bash	two-bucket	bats-extra.bash
bash	two-bucket	two_bucket.bats
bash	two-bucket	two_bucket.sh
bash	two-fer	HELP.md
bash	two-fer	README.md
bash	two-fer	bats-extra.bash
bash	two-fer	two_fer.bats
bash	two-fer	two_fer.sh
bash	variable-length-quantity	HELP.md
bash	variable-length-quantity	README.md
bash	variable-length-quantity	bats-extra.bash
bash	variable-length-quantity	variable_length_quantity.bats
bash	variable-length-quantity	variable_length_quantity.sh
bash	word-count	HELP.md
bash	word-count	README.md
bash	word-count	bats-extra.bash
bash	word-count	word_count.bats
bash	word-count	word_count.sh
bash	wordy	HELP.md
bash	wordy	README.md
bash	wordy	bats-extra.bash
bash	wordy	wordy.bats
bash	wordy	wordy.sh
bash	yacht	HELP.md
bash	yacht	README.md
bash	yacht	bats-extra.bash
bash	yacht	yacht.bats
bash	yacht	yacht.sh
python	acronym	HELP.md
python	acronym	README.md
python	acronym	acronym.py
python	acronym	acronym_test.py
python	affine-cipher	HELP.md
python	affine-cipher	README.md
python	affine-cipher	affine_cipher.py
python	affine-cipher	affine_cipher_test.py
python	all-your-base	HELP.md
python	all-your-base	README.md
python	all-your-base	all_your_base.py
python	all-your-base	all_your_base_test.py
python	allergies	HELP.md
python	allergies	README.md
python	allergies	allergies.py
python	allergies	allergies_test.py
python	alphametics	HELP.md
python	alphametics	README.md
python	alphametics	alphametics.py
python	alphametics	alphametics_test.py
python	anagram	HELP.md
python	anagram	README.md
python	anagram	anagram.py
python	anagram	anagram_test.py
python	armstrong-numbers	HELP.md
python	armstrong-numbers	README.md
python	armstrong-numbers	armstrong_numbers.py
python	armstrong-numbers	armstrong_numbers_test.py
python	atbash-cipher	HELP.md
python	atbash-cipher	README.md
python	atbash-cipher	atbash_cipher.py
python	atbash-cipher	atbash_cipher_test.py
python	bank-account	HELP.md
python	bank-account	README.md
python	bank-account	bank_account.py
python	bank-account	bank_account_test.py
python	binary-search-tree	HELP.md
python	binary-search-tree	README.md
python	binary-search-tree	binary_search_tree.py
python	binary-search-tree	binary_search_tree_test.py
python	binary-search	HELP.md
python	binary-search	README.md
python	binary-search	binary_search.py
python	binary-search	binary_search_test.py
python	black-jack	HELP.md
python	black-jack	HINTS.md
python	black-jack	README.md
python	black-jack	black_jack.py
python	black-jack	black_jack_test.py
python	bob	HELP.md
python	bob	README.md
python	bob	bob.py
python	bob	bob_test.py
python	book-store	HELP.md
python	book-store	README.md
python	book-store	book_store.py
python	book-store	book_store_test.py
python	bottle-song	HELP.md
python	bottle-song	README.md
python	bottle-song	bottle_song.py
python	bottle-song	bottle_song_test.py
python	bowling	.gitignore
python	bowling	HELP.md
python	bowling	README.md
python	bowling	bowling.py
python	bowling	bowling_test.py
python	card-games	HELP.md
python	card-games	HINTS.md
python	card-games	README.md
python	card-games	lists.py
python	card-games	lists_test.py
python	cater-waiter	HELP.md
python	cater-waiter	HINTS.md
python	cater-waiter	README.md
python	cater-waiter	sets.py
python	cater-waiter	sets_categories_data.py
python	cater-waiter	sets_test.py
python	cater-waiter	sets_test_data.py
python	chaitanas-colossal-coaster	HELP.md
python	chaitanas-colossal-coaster	HINTS.md
python	chaitanas-colossal-coaster	README.md
python	chaitanas-colossal-coaster	list_methods.py
python	chaitanas-colossal-coaster	list_methods_test.py
python	change	HELP.md
python	change	README.md
python	change	change.py
python	change	change_test.py
python	circular-buffer	HELP.md
python	circular-buffer	README.md
python	circular-buffer	circular_buffer.py
python	circular-buffer	circular_buffer_test.py
python	clock	HELP.md
python	clock	README.md
python	clock	clock.py
python	clock	clock_test.py
python	collatz-conjecture	HELP.md
python	collatz-conjecture	README.md
python	collatz-conjecture	collatz_conjecture.py
python	collatz-conjecture	collatz_conjecture_test.py
python	connect	HELP.md
python	connect	README.md
python	connect	connect.py
python	connect	connect_test.py
python	crypto-square	HELP.md
python	crypto-square	README.md
python	crypto-square	crypto_square.py
python	crypto-square	crypto_square_test.py
python	currency-exchange	HELP.md
python	currency-exchange	HINTS.md
python	currency-exchange	README.md
python	currency-exchange	exchange.py
python	currency-exchange	exchange_test.py
python	custom-set	HELP.md
python	custom-set	README.md
python	custom-set	custom_set.py
python	custom-set	custom_set_test.py
python	darts	HELP.md
python	darts	HINTS.md
python	darts	README.md
python	darts	darts.py
python	darts	darts_test.py
python	diamond	HELP.md
python	diamond	README.md
python	diamond	diamond.py
python	diamond	diamond_test.py
python	difference-of-squares	HELP.md
python	difference-of-squares	README.md
python	difference-of-squares	difference_of_squares.py
python	difference-of-squares	difference_of_squares_test.py
python	diffie-hellman	HELP.md
python	diffie-hellman	README.md
python	diffie-hellman	diffie_hellman.py
python	diffie-hellman	diffie_hellman_test.py
python	dnd-character	HELP.md
python	dnd-character	README.md
python	dnd-character	dnd_character.py
python	dnd-character	dnd_character_test.py
python	dominoes	HELP.md
python	dominoes	README.md
python	dominoes	dominoes.py
python	dominoes	dominoes_test.py
python	eliuds-eggs	HELP.md
python	eliuds-eggs	README.md
python	eliuds-eggs	pop_count.py
python	eliuds-eggs	pop_count_test.py
python	ellens-alien-game	HELP.md
python	ellens-alien-game	HINTS.md
python	ellens-alien-game	README.md
python	ellens-alien-game	classes.py
python	ellens-alien-game	classes_test.py
python	etl	HELP.md
python	etl	README.md
python	etl	etl.py
python	etl	etl_test.py
python	flatten-array	HELP.md
python	flatten-array	README.md
python	flatten-array	flatten_array.py
python	flatten-array	flatten_array_test.py
python	food-chain	HELP.md
python	food-chain	README.md
python	food-chain	food_chain.py
python	food-chain	food_chain_test.py
python	forth	HELP.md
python	forth	README.md
python	forth	forth.py
python	forth	forth_test.py
python	ghost-gobble-arcade-game	HELP.md
python	ghost-gobble-arcade-game	HINTS.md
python	ghost-gobble-arcade-game	README.md
python	ghost-gobble-arcade-game	arcade_game.py
python	ghost-gobble-arcade-game	arcade_game_test.py
python	gigasecond	HELP.md
python	gigasecond	HINTS.md
python	gigasecond	README.md
python	gigasecond	gigasecond.py
python	gigasecond	gigasecond_test.py
python	go-counting	HELP.md
python	go-counting	README.md
python	go-counting	go_counting.py
python	go-counting	go_counting_test.py
python	grains	HELP.md
python	grains	README.md
python	grains	grains.py
python	grains	grains_test.py
python	grep	HELP.md
python	grep	README.md
python	grep	grep.py
python	grep	grep_test.py
python	guidos-gorgeous-lasagna	HELP.md
python	guidos-gorgeous-lasagna	HINTS.md
python	guidos-gorgeous-lasagna	README.md
python	guidos-gorgeous-lasagna	lasagna.py
python	guidos-gorgeous-lasagna	lasagna_test.py
python	hamming	HELP.md
python	hamming	README.md
python	hamming	hamming.py
python	hamming	hamming_test.py
python	hangman	HELP.md
python	hangman	README.md
python	hangman	hangman.py
python	hangman	hangman_test.py
python	hello-world	HELP.md
python	hello-world	README.md
python	hello-world	hello_world.py
python	hello-world	hello_world_test.py
python	house	HELP.md
python	house	README.md
python	house	house.py
python	house	house_test.py
python	inventory-management	HELP.md
python	inventory-management	HINTS.md
python	inventory-management	README.md
python	inventory-management	dicts.py
python	inventory-management	dicts_test.py
python	isbn-verifier	HELP.md
python	isbn-verifier	README.md
python	isbn-verifier	isbn_verifier.py
python	isbn-verifier	isbn_verifier_test.py
python	isogram	HELP.md
python	isogram	README.md
python	isogram	isogram.py
python	isogram	isogram_test.py
python	killer-sudoku-helper	HELP.md
python	killer-sudoku-helper	README.md
python	killer-sudoku-helper	killer_sudoku_helper.py
python	killer-sudoku-helper	killer_sudoku_helper_test.py
python	knapsack	HELP.md
python	knapsack	README.md
python	knapsack	knapsack.py
python	knapsack	knapsack_test.py
python	largest-series-product	HELP.md
python	largest-series-product	README.md
python	largest-series-product	largest_series_product.py
python	largest-series-product	largest_series_product_test.py
python	leap	HELP.md
python	leap	README.md
python	leap	leap.py
python	leap	leap_test.py
python	ledger	HELP.md
python	ledger	README.md
python	ledger	ledger.py
python	ledger	ledger_test.py
python	linked-list	HELP.md
python	linked-list	README.md
python	linked-list	linked_list.py
python	linked-list	linked_list_test.py
python	list-ops	HELP.md
python	list-ops	README.md
python	list-ops	list_ops.py
python	list-ops	list_ops_test.py
python	little-sisters-essay	HELP.md
python	little-sisters-essay	HINTS.md
python	little-sisters-essay	README.md
python	little-sisters-essay	string_methods.py
python	little-sisters-essay	string_methods.py.e31f5231712c8eac9bacc392a330890f.tmp
python	little-sisters-essay	string_methods_test.py
python	little-sisters-vocab	HELP.md
python	little-sisters-vocab	HINTS.md
python	little-sisters-vocab	README.md
python	little-sisters-vocab	strings.py
python	little-sisters-vocab	strings_test.py
python	locomotive-engineer	HELP.md
python	locomotive-engineer	HINTS.md
python	locomotive-engineer	README.md
python	locomotive-engineer	locomotive_engineer.py
python	locomotive-engineer	locomotive_engineer_test.py
python	luhn	HELP.md
python	luhn	README.md
python	luhn	luhn.py
python	luhn	luhn_test.py
python	making-the-grade	HELP.md
python	making-the-grade	HINTS.md
python	making-the-grade	README.md
python	making-the-grade	loops.py
python	making-the-grade	loops_test.py
python	markdown	HELP.md
python	markdown	README.md
python	markdown	markdown.py
python	markdown	markdown_test.py
python	matching-brackets	HELP.md
python	matching-brackets	README.md
python	matching-brackets	matching_brackets.py
python	matching-brackets	matching_brackets_test.py
python	matrix	HELP.md
python	matrix	README.md
python	matrix	matrix.py
python	matrix	matrix_test.py
python	mecha-munch-management	HELP.md
python	mecha-munch-management	HINTS.md
python	mecha-munch-management	README.md
python	mecha-munch-management	dict_methods.py
python	mecha-munch-management	dict_methods_test.py
python	meetup	HELP.md
python	meetup	README.md
python	meetup	meetup.py
python	meetup	meetup_test.py
python	meltdown-mitigation	HELP.md
python	meltdown-mitigation	HINTS.md
python	meltdown-mitigation	README.md
python	meltdown-mitigation	conditionals.py
python	meltdown-mitigation	conditionals_test.py
python	minesweeper	HELP.md
python	minesweeper	README.md
python	minesweeper	minesweeper.py
python	minesweeper	minesweeper_test.py
python	nth-prime	HELP.md
python	nth-prime	README.md
python	nth-prime	nth_prime.py
python	nth-prime	nth_prime_test.py
python	ocr-numbers	HELP.md
python	ocr-numbers	README.md
python	ocr-numbers	ocr_numbers.py
python	ocr-numbers	ocr_numbers_test.py
python	paasio	HELP.md
python	paasio	README.md
python	paasio	paasio.py
python	paasio	paasio_test.py
python	paasio	test_utils.py
python	palindrome-products	HELP.md
python	palindrome-products	README.md
python	palindrome-products	palindrome_products.py
python	palindrome-products	palindrome_products_test.py
python	pangram	HELP.md
python	pangram	README.md
python	pangram	pangram.py
python	pangram	pangram_test.py
python	pascals-triangle	HELP.md
python	pascals-triangle	HINTS.md
python	pascals-triangle	README.md
python	pascals-triangle	pascals_triangle.py
python	pascals-triangle	pascals_triangle_test.py
python	perfect-numbers	HELP.md
python	perfect-numbers	README.md
python	perfect-numbers	perfect_numbers.py
python	perfect-numbers	perfect_numbers_test.py
python	phone-number	HELP.md
python	phone-number	README.md
python	phone-number	phone_number.py
python	phone-number	phone_number_test.py
python	pig-latin	HELP.md
python	pig-latin	README.md
python	pig-latin	pig_latin.py
python	pig-latin	pig_latin_test.py
python	poker	HELP.md
python	poker	README.md
python	poker	poker.py
python	poker	poker_test.py
python	prime-factors	HELP.md
python	prime-factors	README.md
python	prime-factors	prime_factors.py
python	prime-factors	prime_factors_test.py
python	protein-translation	HELP.md
python	protein-translation	README.md
python	protein-translation	protein_translation.py
python	protein-translation	protein_translation_test.py
python	proverb	HELP.md
python	proverb	README.md
python	proverb	proverb.py
python	proverb	proverb_test.py
python	pythagorean-triplet	HELP.md
python	pythagorean-triplet	README.md
python	pythagorean-triplet	pythagorean_triplet.py
python	pythagorean-triplet	pythagorean_triplet_test.py
python	queen-attack	HELP.md
python	queen-attack	README.md
python	queen-attack	queen_attack.py
python	queen-attack	queen_attack_test.py
python	rail-fence-cipher	HELP.md
python	rail-fence-cipher	README.md
python	rail-fence-cipher	rail_fence_cipher.py
python	rail-fence-cipher	rail_fence_cipher_test.py
python	raindrops	HELP.md
python	raindrops	README.md
python	raindrops	raindrops.py
python	raindrops	raindrops_test.py
python	rational-numbers	HELP.md
python	rational-numbers	README.md
python	rational-numbers	code
python	rational-numbers	rational_numbers.py
python	rational-numbers	rational_numbers_test.py
python	rectangles	HELP.md
python	rectangles	README.md
python	rectangles	rectangles.py
python	rectangles	rectangles_test.py
python	resistor-color-duo	HELP.md
python	resistor-color-duo	README.md
python	resistor-color-duo	resistor_color_duo.py
python	resistor-color-duo	resistor_color_duo_test.py
python	resistor-color-expert	HELP.md
python	resistor-color-expert	README.md
python	resistor-color-expert	resistor_color_expert.py
python	resistor-color-expert	resistor_color_expert_test.py
python	resistor-color-trio	HELP.md
python	resistor-color-trio	README.md
python	resistor-color-trio	resistor_color_trio.py
python	resistor-color-trio	resistor_color_trio_test.py
python	resistor-color	HELP.md
python	resistor-color	README.md
python	resistor-color	resistor_color.py
python	resistor-color	resistor_color_test.py
python	rest-api	HELP.md
python	rest-api	README.md
python	rest-api	rest_api.py
python	rest-api	rest_api_test.py
python	reverse-string	HELP.md
python	reverse-string	README.md
python	reverse-string	reverse_string.py
python	reverse-string	reverse_string_test.py
python	rna-transcription	HELP.md
python	rna-transcription	README.md
python	rna-transcription	rna_transcription.py
python	rna-transcription	rna_transcription_test.py
python	robot-name	HELP.md
python	robot-name	README.md
python	robot-name	robot_name.py
python	robot-name	robot_name_test.py
python	robot-simulator	HELP.md
python	robot-simulator	README.md
python	robot-simulator	robot_simulator.py
python	robot-simulator	robot_simulator_test.py
python	roman-numerals	HELP.md
python	roman-numerals	README.md
python	roman-numerals	roman_numerals.py
python	roman-numerals	roman_numerals_test.py
python	rotational-cipher	HELP.md
python	rotational-cipher	README.md
python	rotational-cipher	rotational_cipher.py
python	rotational-cipher	rotational_cipher_test.py
python	run-length-encoding	HELP.md
python	run-length-encoding	README.md
python	run-length-encoding	run_length_encoding.py
python	run-length-encoding	run_length_encoding_test.py
python	saddle-points	HELP.md
python	saddle-points	README.md
python	saddle-points	saddle_points.py
python	saddle-points	saddle_points_test.py
python	satellite	HELP.md
python	satellite	README.md
python	satellite	satellite.py
python	satellite	satellite_test.py
python	say	HELP.md
python	say	README.md
python	say	say.py
python	say	say_test.py
python	scale-generator	HELP.md
python	scale-generator	README.md
python	scale-generator	scale_generator.py
python	scale-generator	scale_generator_test.py
python	scrabble-score	HELP.md
python	scrabble-score	README.md
python	scrabble-score	scrabble_score.py
python	scrabble-score	scrabble_score_test.py
python	secret-handshake	HELP.md
python	secret-handshake	README.md
python	secret-handshake	secret_handshake.py
python	secret-handshake	secret_handshake_test.py
python	series	HELP.md
python	series	README.md
python	series	series.py
python	series	series_test.py
python	sgf-parsing	HELP.md
python	sgf-parsing	README.md
python	sgf-parsing	sgf_parsing.py
python	sgf-parsing	sgf_parsing_test.py
python	sieve	HELP.md
python	sieve	README.md
python	sieve	sieve.py
python	sieve	sieve_test.py
python	simple-cipher	HELP.md
python	simple-cipher	README.md
python	simple-cipher	simple_cipher.py
python	simple-cipher	simple_cipher_test.py
python	simple-linked-list	HELP.md
python	simple-linked-list	HINTS.md
python	simple-linked-list	README.md
python	simple-linked-list	simple_linked_list.py
python	simple-linked-list	simple_linked_list_test.py
python	space-age	HELP.md
python	space-age	README.md
python	space-age	space_age.py
python	space-age	space_age_test.py
python	spiral-matrix	HELP.md
python	spiral-matrix	README.md
python	spiral-matrix	spiral_matrix.py
python	spiral-matrix	spiral_matrix_test.py
python	square-root	HELP.md
python	square-root	README.md
python	square-root	square_root.py
python	square-root	square_root_test.py
python	sublist	HELP.md
python	sublist	README.md
python	sublist	sublist.py
python	sublist	sublist_test.py
python	sum-of-multiples	HELP.md
python	sum-of-multiples	README.md
python	sum-of-multiples	sum_of_multiples.py
python	sum-of-multiples	sum_of_multiples_test.py
python	tisbury-treasure-hunt	HELP.md
python	tisbury-treasure-hunt	HINTS.md
python	tisbury-treasure-hunt	README.md
python	tisbury-treasure-hunt	tuples.py
python	tisbury-treasure-hunt	tuples_test.py
python	tournament	HELP.md
python	tournament	README.md
python	tournament	tournament.py
python	tournament	tournament_test.py
python	transpose	HELP.md
python	transpose	README.md
python	transpose	transpose.py
python	transpose	transpose_test.py
python	tree-building	HELP.md
python	tree-building	README.md
python	tree-building	tree_building.py
python	tree-building	tree_building_test.py
python	triangle	HELP.md
python	triangle	README.md
python	triangle	triangle.py
python	triangle	triangle_test.py
python	twelve-days	HELP.md
python	twelve-days	HINTS.md
python	twelve-days	README.md
python	twelve-days	twelve_days.py
python	twelve-days	twelve_days_test.py
python	two-bucket	HELP.md
python	two-bucket	README.md
python	two-bucket	two_bucket.py
python	two-bucket	two_bucket_test.py
python	two-fer	HELP.md
python	two-fer	README.md
python	two-fer	two_fer.py
python	two-fer	two_fer_test.py
python	variable-length-quantity	HELP.md
python	variable-length-quantity	README.md
python	variable-length-quantity	variable_length_quantity.py
python	variable-length-quantity	variable_length_quantity_test.py
python	word-count	HELP.md
python	word-count	HINTS.md
python	word-count	README.md
python	word-count	word_count.py
python	word-count	word_count_test.py
python	word-search	HELP.md
python	word-search	README.md
python	word-search	word_search.py
python	word-search	word_search_test.py
python	wordy	HELP.md
python	wordy	README.md
python	wordy	wordy.py
python	wordy	wordy_test.py
python	yacht	HELP.md
python	yacht	README.md
python	yacht	yacht.py
python	yacht	yacht_test.py
python	zebra-puzzle	HELP.md
python	zebra-puzzle	README.md
python	zebra-puzzle	zebra_puzzle.py
python	zebra-puzzle	zebra_puzzle_test.py
python	zipper	HELP.md
python	zipper	README.md
python	zipper	zipper.py
python	zipper	zipper_test.py
python	complex-numbers	HELP.md
python	complex-numbers	README.md
python	complex-numbers	complex_numbers.py
python	complex-numbers	complex_numbers_test.py
python	dot-dsl	HELP.md
python	dot-dsl	README.md
python	dot-dsl	dot_dsl.py
python	dot-dsl	dot_dsl_test.py
python	grade-school	HELP.md
python	grade-school	README.md
python	grade-school	grade_school.py
python	grade-school	grade_school_test.py
python	high-scores	HELP.md
python	high-scores	README.md
python	high-scores	high_scores.py
python	high-scores	high_scores_test.py
python	kindergarten-garden	HELP.md
python	kindergarten-garden	README.md
python	kindergarten-garden	kindergarten_garden.py
python	kindergarten-garden	kindergarten_garden_test.py
python	plane-tickets	HELP.md
python	plane-tickets	HINTS.md
python	plane-tickets	README.md
python	plane-tickets	generators.py
python	plane-tickets	generators_test.py
python	pop-count	HELP.md
python	pop-count	README.md
python	pop-count	pop_count.py
python	pop-count	pop_count_test.py
python	pov	HELP.md
python	pov	README.md
python	pov	pov.py
python	pov	pov_test.py
python	react	HELP.md
python	react	README.md
python	react	react.py
python	react	react_test.py